date,county,state,fips,cases,deaths,delta_cases
2020-03-10,King,Washington,53033.0,191,23.0,0.0
2020-03-11,King,Washington,53033.0,235,27.0,44.0
2020-03-12,King,Washington,53033.0,271,28.0,36.0
2020-03-13,King,Washington,53033.0,329,33.0,58.0
2020-03-14,King,Washington,53033.0,389,36.0,60.0
2020-03-15,King,Washington,53033.0,421,38.0,32.0
2020-03-16,King,Washington,53033.0,489,44.0,68.0
2020-03-17,King,Washington,53033.0,518,47.0,29.0
2020-03-18,King,Washington,53033.0,563,57.0,45.0
2020-03-19,King,Washington,53033.0,693,61.0,130.0
2020-03-20,King,Washington,53033.0,794,68.0,101.0
2020-03-21,King,Washington,53033.0,935,76.0,141.0
2020-03-22,King,Washington,53033.0,1036,77.0,101.0
2020-03-23,King,Washington,53033.0,1166,88.0,130.0
2020-03-24,King,Washington,53033.0,1278,95.0,112.0
2020-03-25,King,Washington,53033.0,1360,101.0,82.0
2020-03-26,King,Washington,53033.0,1579,111.0,219.0
2020-03-27,King,Washington,53033.0,1830,127.0,251.0
2020-03-28,King,Washington,53033.0,2079,138.0,249.0
2020-03-29,King,Washington,53033.0,2163,146.0,84.0
2020-03-30,King,Washington,53033.0,2332,152.0,169.0
2020-03-31,King,Washington,53033.0,2332,152.0,0.0
2020-04-01,King,Washington,53033.0,2498,166.0,166.0
2020-04-02,King,Washington,53033.0,2658,177.0,160.0
2020-04-03,King,Washington,53033.0,2789,188.0,131.0
2020-04-04,King,Washington,53033.0,2900,204.0,111.0
2020-04-05,King,Washington,53033.0,3169,210.0,269.0
2020-04-06,King,Washington,53033.0,3333,224.0,164.0
2020-04-07,King,Washington,53033.0,3488,232.0,155.0
2020-04-08,King,Washington,53033.0,3690,246.0,202.0
2020-04-09,King,Washington,53033.0,3888,260.0,198.0
2020-04-10,King,Washington,53033.0,4119,279.0,231.0
2020-04-11,King,Washington,53033.0,4264,286.0,145.0
2020-04-12,King,Washington,53033.0,4428,294.0,164.0
2020-04-13,King,Washington,53033.0,4551,298.0,123.0
2020-04-14,King,Washington,53033.0,4622,305.0,71.0
2020-04-15,King,Washington,53033.0,4699,314.0,77.0
2020-04-16,King,Washington,53033.0,4811,322.0,112.0
2020-04-17,King,Washington,53033.0,4904,333.0,93.0
2020-04-18,King,Washington,53033.0,5065,342.0,161.0
2020-04-19,King,Washington,53033.0,5174,348.0,109.0
2020-04-20,King,Washington,53033.0,5295,362.0,121.0
2020-04-21,King,Washington,53033.0,5381,374.0,86.0
2020-04-22,King,Washington,53033.0,5451,381.0,70.0
2020-04-23,King,Washington,53033.0,5571,386.0,120.0
2020-04-24,King,Washington,53033.0,5691,393.0,120.0
2020-04-25,King,Washington,53033.0,5813,401.0,122.0
2020-04-26,King,Washington,53033.0,5914,410.0,101.0
2020-04-27,King,Washington,53033.0,5992,418.0,78.0
2020-04-28,King,Washington,53033.0,6056,429.0,64.0
2020-04-29,King,Washington,53033.0,6184,438.0,128.0
2020-04-30,King,Washington,53033.0,6310,448.0,126.0
2020-05-01,King,Washington,53033.0,6409,451.0,99.0
2020-05-02,King,Washington,53033.0,6507,456.0,98.0
2020-05-03,King,Washington,53033.0,6620,461.0,113.0
2020-05-04,King,Washington,53033.0,6584,465.0,-36.0
2020-05-05,King,Washington,53033.0,6655,471.0,71.0
2020-05-06,King,Washington,53033.0,6772,476.0,117.0
2020-05-07,King,Washington,53033.0,6865,482.0,93.0
2020-05-08,King,Washington,53033.0,6942,487.0,77.0
2020-05-09,King,Washington,53033.0,7002,492.0,60.0
2020-05-10,King,Washington,53033.0,7048,502.0,46.0
2020-05-11,King,Washington,53033.0,7117,507.0,69.0
2020-05-12,King,Washington,53033.0,7181,513.0,64.0
2020-05-13,King,Washington,53033.0,7223,516.0,42.0
2020-05-14,King,Washington,53033.0,7309,516.0,86.0
2020-05-15,King,Washington,53033.0,7362,523.0,53.0
2020-05-16,King,Washington,53033.0,7442,528.0,80.0
2020-05-17,King,Washington,53033.0,7482,529.0,40.0
2020-05-18,King,Washington,53033.0,7531,530.0,49.0
2020-05-19,King,Washington,53033.0,7584,536.0,53.0
2020-05-20,King,Washington,53033.0,7619,536.0,35.0
2020-05-21,King,Washington,53033.0,7647,541.0,28.0
2020-05-22,King,Washington,53033.0,7699,544.0,52.0
2020-05-23,King,Washington,53033.0,7766,544.0,67.0
2020-05-24,King,Washington,53033.0,7821,549.0,55.0
2020-05-25,King,Washington,53033.0,7881,552.0,60.0
2020-05-26,King,Washington,53033.0,7898,554.0,17.0
2020-05-27,King,Washington,53033.0,7933,561.0,35.0
2020-05-28,King,Washington,53033.0,7988,564.0,55.0
2020-05-29,King,Washington,53033.0,8008,566.0,20.0
2020-05-30,King,Washington,53033.0,8056,569.0,48.0
2020-05-31,King,Washington,53033.0,8161,569.0,105.0
2020-06-01,King,Washington,53033.0,8194,571.0,33.0
2020-06-02,King,Washington,53033.0,8237,572.0,43.0
2020-06-03,King,Washington,53033.0,8279,575.0,42.0
2020-06-04,King,Washington,53033.0,8335,576.0,56.0
2020-06-05,King,Washington,53033.0,8398,578.0,63.0
2020-06-06,King,Washington,53033.0,8419,578.0,21.0
2020-06-07,King,Washington,53033.0,8467,580.0,48.0
2020-06-08,King,Washington,53033.0,8509,581.0,42.0
2020-06-09,King,Washington,53033.0,8538,582.0,29.0
2020-06-10,King,Washington,53033.0,8561,582.0,23.0
2020-06-11,King,Washington,53033.0,8586,585.0,25.0
2020-06-12,King,Washington,53033.0,8646,588.0,60.0
2020-06-13,King,Washington,53033.0,8702,593.0,56.0
2020-06-14,King,Washington,53033.0,8753,593.0,51.0
2020-06-15,King,Washington,53033.0,8799,594.0,46.0
2020-06-16,King,Washington,53033.0,8857,597.0,58.0
2020-06-17,King,Washington,53033.0,8895,593.0,38.0
2020-06-18,King,Washington,53033.0,8989,599.0,94.0
2020-06-19,King,Washington,53033.0,9098,602.0,109.0
2020-06-20,King,Washington,53033.0,9167,603.0,69.0
2020-06-21,King,Washington,53033.0,9236,602.0,69.0
2020-06-22,King,Washington,53033.0,9275,604.0,39.0
2020-06-23,King,Washington,53033.0,9371,606.0,96.0
2020-06-24,King,Washington,53033.0,9504,606.0,133.0
2020-06-25,King,Washington,53033.0,9614,608.0,110.0
2020-06-26,King,Washington,53033.0,9697,609.0,83.0
2020-06-27,King,Washington,53033.0,9821,612.0,124.0
2020-06-28,King,Washington,53033.0,9903,612.0,82.0
2020-06-29,King,Washington,53033.0,10071,612.0,168.0
2020-06-30,King,Washington,53033.0,10198,612.0,127.0
2020-07-01,King,Washington,53033.0,10358,614.0,160.0
2020-07-02,King,Washington,53033.0,10598,617.0,240.0
2020-07-03,King,Washington,53033.0,10721,620.0,123.0
2020-07-04,King,Washington,53033.0,10786,621.0,65.0
2020-07-05,King,Washington,53033.0,11016,622.0,230.0
2020-07-06,King,Washington,53033.0,11142,624.0,126.0
2020-07-07,King,Washington,53033.0,11208,628.0,66.0
2020-07-08,King,Washington,53033.0,11321,630.0,113.0
2020-07-09,King,Washington,53033.0,11488,634.0,167.0
2020-07-10,King,Washington,53033.0,11634,635.0,146.0
2020-07-11,King,Washington,53033.0,11773,635.0,139.0
2020-07-12,King,Washington,53033.0,11947,639.0,174.0
2020-07-13,King,Washington,53033.0,12101,639.0,154.0
2020-07-14,King,Washington,53033.0,12246,645.0,145.0
2020-07-15,King,Washington,53033.0,12355,651.0,109.0
2020-07-16,King,Washington,53033.0,12594,652.0,239.0
2020-07-17,King,Washington,53033.0,12809,652.0,215.0
2020-07-18,King,Washington,53033.0,12993,658.0,184.0
2020-07-19,King,Washington,53033.0,13161,656.0,168.0
2020-07-20,King,Washington,53033.0,13341,657.0,180.0
2020-07-21,King,Washington,53033.0,13488,659.0,147.0
2020-07-22,King,Washington,53033.0,13661,659.0,173.0
2020-07-23,King,Washington,53033.0,13837,659.0,176.0
2020-07-24,King,Washington,53033.0,14066,662.0,229.0
2020-07-25,King,Washington,53033.0,14274,663.0,208.0
2020-07-26,King,Washington,53033.0,14452,663.0,178.0
2020-07-27,King,Washington,53033.0,14638,664.0,186.0
2020-07-28,King,Washington,53033.0,14748,667.0,110.0
2020-07-29,King,Washington,53033.0,14898,667.0,150.0
2020-07-30,King,Washington,53033.0,15058,668.0,160.0
2020-07-31,King,Washington,53033.0,15216,668.0,158.0
2020-08-01,King,Washington,53033.0,15418,674.0,202.0
2020-08-02,King,Washington,53033.0,15529,676.0,111.0
2020-08-03,King,Washington,53033.0,15653,677.0,124.0
2020-08-04,King,Washington,53033.0,15798,678.0,145.0
2020-08-05,King,Washington,53033.0,15965,678.0,167.0
2020-08-06,King,Washington,53033.0,16157,682.0,192.0
2020-08-07,King,Washington,53033.0,16291,689.0,134.0
2020-08-08,King,Washington,53033.0,16491,694.0,200.0
2020-08-09,King,Washington,53033.0,16620,693.0,129.0
2020-08-10,King,Washington,53033.0,16768,695.0,148.0
2020-08-11,King,Washington,53033.0,16849,698.0,81.0
2020-08-12,King,Washington,53033.0,16998,699.0,149.0
2020-08-13,King,Washington,53033.0,17223,705.0,225.0
2020-08-14,King,Washington,53033.0,17359,705.0,136.0
2020-08-15,King,Washington,53033.0,17533,708.0,174.0
2020-08-16,King,Washington,53033.0,17662,713.0,129.0
2020-08-17,King,Washington,53033.0,17843,713.0,181.0
2020-08-18,King,Washington,53033.0,18008,717.0,165.0
2020-08-19,King,Washington,53033.0,18149,720.0,141.0
2020-08-20,King,Washington,53033.0,18332,726.0,183.0
2020-08-21,King,Washington,53033.0,18437,729.0,105.0
2020-08-22,King,Washington,53033.0,18589,731.0,152.0
2020-08-23,King,Washington,53033.0,18697,732.0,108.0
2020-08-24,King,Washington,53033.0,18843,735.0,146.0
2020-08-25,King,Washington,53033.0,18896,734.0,53.0
2020-08-26,King,Washington,53033.0,19068,738.0,172.0
2020-08-27,King,Washington,53033.0,19196,741.0,128.0
2020-08-28,King,Washington,53033.0,19380,742.0,184.0
2020-08-29,King,Washington,53033.0,19499,742.0,119.0
2020-08-30,King,Washington,53033.0,19573,742.0,74.0
2020-08-31,King,Washington,53033.0,19684,742.0,111.0
2020-09-01,King,Washington,53033.0,19730,747.0,46.0
2020-09-02,King,Washington,53033.0,19838,750.0,108.0
2020-09-03,King,Washington,53033.0,19934,751.0,96.0
2020-09-04,King,Washington,53033.0,20092,754.0,158.0
2020-09-05,King,Washington,53033.0,20184,754.0,92.0
2020-09-06,King,Washington,53033.0,20283,755.0,99.0
2020-09-07,King,Washington,53033.0,20339,755.0,56.0
2020-09-08,King,Washington,53033.0,20345,755.0,6.0
2020-09-09,King,Washington,53033.0,20459,762.0,114.0
2020-09-10,King,Washington,53033.0,20585,763.0,126.0
2020-09-11,King,Washington,53033.0,20718,763.0,133.0
2020-09-12,King,Washington,53033.0,20819,763.0,101.0
2020-09-13,King,Washington,53033.0,20887,763.0,68.0
2020-09-14,King,Washington,53033.0,20950,766.0,63.0
2020-09-15,King,Washington,53033.0,21032,767.0,82.0
2020-09-16,King,Washington,53033.0,21177,768.0,145.0
2020-09-17,King,Washington,53033.0,21215,769.0,38.0
2020-09-18,King,Washington,53033.0,21323,770.0,108.0
2020-09-19,King,Washington,53033.0,21418,770.0,95.0
2020-09-20,King,Washington,53033.0,21478,770.0,60.0
2020-09-21,King,Washington,53033.0,21552,772.0,74.0
2020-09-22,King,Washington,53033.0,21609,776.0,57.0
2020-09-23,King,Washington,53033.0,21696,778.0,87.0
2020-09-24,King,Washington,53033.0,21822,778.0,126.0
2020-09-25,King,Washington,53033.0,21915,787.0,93.0
2020-09-26,King,Washington,53033.0,22019,787.0,104.0
2020-09-27,King,Washington,53033.0,22137,787.0,118.0
2020-09-28,King,Washington,53033.0,22231,787.0,94.0
2020-09-29,King,Washington,53033.0,22282,780.0,51.0
2020-09-30,King,Washington,53033.0,22419,780.0,137.0
2020-10-01,King,Washington,53033.0,22579,778.0,160.0
2020-10-02,King,Washington,53033.0,22807,786.0,228.0
2020-10-03,King,Washington,53033.0,22960,786.0,153.0
2020-10-04,King,Washington,53033.0,23042,786.0,82.0
2020-10-05,King,Washington,53033.0,23168,790.0,126.0
2020-10-06,King,Washington,53033.0,23287,794.0,119.0
2020-10-07,King,Washington,53033.0,23438,799.0,151.0
2020-10-08,King,Washington,53033.0,23605,801.0,167.0
2020-10-09,King,Washington,53033.0,23755,803.0,150.0
2020-10-10,King,Washington,53033.0,23898,803.0,143.0
2020-10-11,King,Washington,53033.0,24072,803.0,174.0
2020-10-12,King,Washington,53033.0,24224,803.0,152.0
2020-10-13,King,Washington,53033.0,24349,807.0,125.0
2020-10-14,King,Washington,53033.0,24519,809.0,170.0
2020-10-15,King,Washington,53033.0,24668,810.0,149.0
2020-10-16,King,Washington,53033.0,24792,811.0,124.0
2020-10-17,King,Washington,53033.0,25011,812.0,219.0
2020-10-18,King,Washington,53033.0,25116,812.0,105.0
2020-10-19,King,Washington,53033.0,25288,813.0,172.0
2020-10-20,King,Washington,53033.0,25386,819.0,98.0
2020-10-21,King,Washington,53033.0,25559,819.0,173.0
2020-10-22,King,Washington,53033.0,25759,817.0,200.0
2020-10-23,King,Washington,53033.0,25988,817.0,229.0
2020-10-24,King,Washington,53033.0,26200,817.0,212.0
2020-10-25,King,Washington,53033.0,26360,817.0,160.0
2020-10-26,King,Washington,53033.0,26540,828.0,180.0
2020-10-27,King,Washington,53033.0,26640,828.0,100.0
2020-10-28,King,Washington,53033.0,26836,833.0,196.0
2020-10-29,King,Washington,53033.0,27057,833.0,221.0
2020-10-30,King,Washington,53033.0,27442,834.0,385.0
2020-10-31,King,Washington,53033.0,27776,834.0,334.0
2020-11-01,King,Washington,53033.0,27986,834.0,210.0
2020-11-02,King,Washington,53033.0,28281,836.0,295.0
2020-11-03,King,Washington,53033.0,28408,840.0,127.0
2020-11-04,King,Washington,53033.0,28967,841.0,559.0
2020-11-05,King,Washington,53033.0,29484,841.0,517.0
2020-11-06,King,Washington,53033.0,30016,841.0,532.0
2020-11-07,King,Washington,53033.0,30434,841.0,418.0
2020-11-08,King,Washington,53033.0,30885,841.0,451.0
2020-11-09,King,Washington,53033.0,31263,845.0,378.0
2020-11-10,King,Washington,53033.0,31595,848.0,332.0
2020-11-11,King,Washington,53033.0,31967,848.0,372.0
2020-11-12,King,Washington,53033.0,32589,857.0,622.0
2020-11-13,King,Washington,53033.0,33387,855.0,798.0
2020-11-14,King,Washington,53033.0,34014,855.0,627.0
2020-11-15,King,Washington,53033.0,34556,855.0,542.0
2020-11-16,King,Washington,53033.0,35228,857.0,672.0
2020-11-17,King,Washington,53033.0,35729,864.0,501.0
2020-11-18,King,Washington,53033.0,36012,864.0,283.0
2020-11-19,King,Washington,53033.0,36816,865.0,804.0
2020-11-20,King,Washington,53033.0,37454,866.0,638.0
2020-11-21,King,Washington,53033.0,38031,866.0,577.0
2020-11-22,King,Washington,53033.0,38691,866.0,660.0
2020-11-23,King,Washington,53033.0,40084,878.0,1393.0
2020-11-24,King,Washington,53033.0,40755,883.0,671.0
2020-11-25,King,Washington,53033.0,41519,885.0,764.0
2020-11-26,King,Washington,53033.0,42122,885.0,603.0
2020-11-27,King,Washington,53033.0,42922,885.0,800.0
2020-11-28,King,Washington,53033.0,43403,885.0,481.0
2020-11-29,King,Washington,53033.0,43856,885.0,453.0
2020-11-30,King,Washington,53033.0,44425,900.0,569.0
2020-12-01,King,Washington,53033.0,45157,906.0,732.0
2020-12-02,King,Washington,53033.0,45830,916.0,673.0
2020-12-03,King,Washington,53033.0,46192,924.0,362.0
2020-12-04,King,Washington,53033.0,46950,933.0,758.0
2020-12-05,King,Washington,53033.0,47274,933.0,324.0
2020-12-06,King,Washington,53033.0,47637,933.0,363.0
2020-12-07,King,Washington,53033.0,49758,947.0,2121.0
2020-12-08,King,Washington,53033.0,50345,948.0,587.0
2020-12-09,King,Washington,53033.0,50989,963.0,644.0
2020-12-10,King,Washington,53033.0,51690,913.0,701.0
2020-12-11,King,Washington,53033.0,52594,931.0,904.0
2020-12-12,King,Washington,53033.0,53365,931.0,771.0
2020-12-13,King,Washington,53033.0,54036,931.0,671.0
2020-12-14,King,Washington,53033.0,54668,937.0,632.0
2020-12-15,King,Washington,53033.0,54868,947.0,200.0
2020-12-16,King,Washington,53033.0,55231,947.0,363.0
2020-12-17,King,Washington,53033.0,56270,970.0,1039.0
2020-12-18,King,Washington,53033.0,57136,958.0,866.0
2020-12-19,King,Washington,53033.0,57785,958.0,649.0
2020-12-20,King,Washington,53033.0,57785,958.0,0.0
2020-12-21,King,Washington,53033.0,58749,958.0,964.0
2020-12-22,King,Washington,53033.0,58970,966.0,221.0
2020-12-23,King,Washington,53033.0,59385,976.0,415.0
2020-12-24,King,Washington,53033.0,59896,978.0,511.0
2020-12-25,King,Washington,53033.0,59896,978.0,0.0
2020-12-26,King,Washington,53033.0,60695,978.0,799.0
2020-12-27,King,Washington,53033.0,60695,978.0,0.0
2020-12-28,King,Washington,53033.0,61150,979.0,455.0
2020-12-29,King,Washington,53033.0,61457,1024.0,307.0
2020-12-30,King,Washington,53033.0,61712,1039.0,255.0
2020-12-31,King,Washington,53033.0,62582,1052.0,870.0
2021-01-01,King,Washington,53033.0,62582,1052.0,0.0
2021-01-02,King,Washington,53033.0,62582,1052.0,0.0
2021-01-03,King,Washington,53033.0,65267,1051.0,2685.0
2021-01-04,King,Washington,53033.0,65572,1054.0,305.0
2021-01-05,King,Washington,53033.0,65836,1070.0,264.0
2021-01-06,King,Washington,53033.0,66288,1087.0,452.0
2021-01-07,King,Washington,53033.0,67000,1095.0,712.0
2021-01-08,King,Washington,53033.0,67934,1107.0,934.0
2021-01-09,King,Washington,53033.0,68801,1107.0,867.0
2021-01-10,King,Washington,53033.0,68801,1107.0,0.0
2021-01-11,King,Washington,53033.0,70061,1107.0,1260.0
2021-01-12,King,Washington,53033.0,70547,1124.0,486.0
2021-01-13,King,Washington,53033.0,71108,1137.0,561.0
2021-01-14,King,Washington,53033.0,71648,1146.0,540.0
2021-01-15,King,Washington,53033.0,72255,1154.0,607.0
2021-01-16,King,Washington,53033.0,72255,1154.0,0.0
2021-01-17,King,Washington,53033.0,73017,1154.0,762.0
2021-01-18,King,Washington,53033.0,73017,1154.0,0.0
2021-01-19,King,Washington,53033.0,73669,1168.0,652.0
2021-01-20,King,Washington,53033.0,74079,1168.0,410.0
2021-01-21,King,Washington,53033.0,74502,1193.0,423.0
2021-01-22,King,Washington,53033.0,74953,1205.0,451.0
2021-01-23,King,Washington,53033.0,75435,1205.0,482.0
2021-01-24,King,Washington,53033.0,75435,1205.0,0.0
2021-01-25,King,Washington,53033.0,75905,1221.0,470.0
2021-01-26,King,Washington,53033.0,76148,1222.0,243.0
2021-01-27,King,Washington,53033.0,76561,1232.0,413.0
2021-01-28,King,Washington,53033.0,77069,1235.0,508.0
2021-01-29,King,Washington,53033.0,77693,1244.0,624.0
2021-01-30,King,Washington,53033.0,78012,1244.0,319.0
2021-01-31,King,Washington,53033.0,78012,1244.0,0.0
2021-02-01,King,Washington,53033.0,78391,1254.0,379.0
2021-02-02,King,Washington,53033.0,78680,1252.0,289.0
2021-02-03,King,Washington,53033.0,79063,1266.0,383.0
2021-02-04,King,Washington,53033.0,79342,1270.0,279.0
2021-02-05,King,Washington,53033.0,79633,1279.0,291.0
2021-02-06,King,Washington,53033.0,79701,1279.0,68.0
2021-02-07,King,Washington,53033.0,79701,1279.0,0.0
2021-02-08,King,Washington,53033.0,80417,1278.0,716.0
2021-02-09,King,Washington,53033.0,80596,1292.0,179.0
2021-02-10,King,Washington,53033.0,80798,1297.0,202.0
2021-02-11,King,Washington,53033.0,81084,1307.0,286.0
2021-02-12,King,Washington,53033.0,81332,1313.0,248.0
2021-02-13,King,Washington,53033.0,81543,1313.0,211.0
2021-02-14,King,Washington,53033.0,81543,1313.0,0.0
2021-02-15,King,Washington,53033.0,81543,1313.0,0.0
2021-02-16,King,Washington,53033.0,82024,1323.0,481.0
2021-02-17,King,Washington,53033.0,82203,1331.0,179.0
2021-02-18,King,Washington,53033.0,82404,1350.0,201.0
2021-02-19,King,Washington,53033.0,82617,1359.0,213.0
2021-02-20,King,Washington,53033.0,82837,1359.0,220.0
2021-02-21,King,Washington,53033.0,82837,1359.0,0.0
2021-02-22,King,Washington,53033.0,83073,1372.0,236.0
2021-02-23,King,Washington,53033.0,83197,1373.0,124.0
2021-02-24,King,Washington,53033.0,83359,1382.0,162.0
2021-02-25,King,Washington,53033.0,83613,1392.0,254.0
2021-02-26,King,Washington,53033.0,83803,1396.0,190.0
2021-02-27,King,Washington,53033.0,84016,1396.0,213.0
2021-02-28,King,Washington,53033.0,84016,1396.0,0.0
2021-03-01,King,Washington,53033.0,84246,1396.0,230.0
2021-03-02,King,Washington,53033.0,84328,1399.0,82.0
2021-03-03,King,Washington,53033.0,84490,1408.0,162.0
2021-03-04,King,Washington,53033.0,84716,1415.0,226.0
2021-03-05,King,Washington,53033.0,84857,1417.0,141.0
2021-03-06,King,Washington,53033.0,85017,1417.0,160.0
2021-03-07,King,Washington,53033.0,85017,1417.0,0.0
2021-03-08,King,Washington,53033.0,85284,1427.0,267.0
2021-03-09,King,Washington,53033.0,85419,1429.0,135.0
2021-03-10,King,Washington,53033.0,85598,1435.0,179.0
2021-03-11,King,Washington,53033.0,85826,1437.0,228.0
2021-03-12,King,Washington,53033.0,86004,1441.0,178.0
2021-03-13,King,Washington,53033.0,86236,1441.0,232.0
2021-03-14,King,Washington,53033.0,86236,1441.0,0.0
2021-03-15,King,Washington,53033.0,86542,1442.0,306.0
2021-03-16,King,Washington,53033.0,86657,1445.0,115.0
2021-03-17,King,Washington,53033.0,86852,1444.0,195.0
2021-03-18,King,Washington,53033.0,87140,1451.0,288.0
2021-03-19,King,Washington,53033.0,87395,1451.0,255.0
2021-03-20,King,Washington,53033.0,87628,1451.0,233.0
2021-03-21,King,Washington,53033.0,87628,1451.0,0.0
2021-03-22,King,Washington,53033.0,88023,1453.0,395.0
2021-03-23,King,Washington,53033.0,88114,1454.0,91.0
2021-03-24,King,Washington,53033.0,88467,1460.0,353.0
2021-03-25,King,Washington,53033.0,88835,1462.0,368.0
2021-03-26,King,Washington,53033.0,89205,1460.0,370.0
2021-03-27,King,Washington,53033.0,89638,1460.0,433.0
2021-03-28,King,Washington,53033.0,89638,1460.0,0.0
2021-03-29,King,Washington,53033.0,90127,1463.0,489.0
2021-03-30,King,Washington,53033.0,90335,1466.0,208.0
2021-03-31,King,Washington,53033.0,90694,1467.0,359.0
2021-04-01,King,Washington,53033.0,91106,1470.0,412.0
2021-04-02,King,Washington,53033.0,91510,1472.0,404.0
2021-04-03,King,Washington,53033.0,91857,1472.0,347.0
2021-04-04,King,Washington,53033.0,91857,1472.0,0.0
2021-04-05,King,Washington,53033.0,92478,1475.0,621.0
2021-04-06,King,Washington,53033.0,92572,1477.0,94.0
2021-04-07,King,Washington,53033.0,93004,1480.0,432.0
2021-04-08,King,Washington,53033.0,93326,1483.0,322.0
2021-04-09,King,Washington,53033.0,93762,1484.0,436.0
2021-04-10,King,Washington,53033.0,94134,1484.0,372.0
2021-04-11,King,Washington,53033.0,94134,1484.0,0.0
2021-04-12,King,Washington,53033.0,94777,1485.0,643.0
2021-04-13,King,Washington,53033.0,95003,1489.0,226.0
2021-04-14,King,Washington,53033.0,95349,1492.0,346.0
2021-04-15,King,Washington,53033.0,95784,1493.0,435.0
2021-04-16,King,Washington,53033.0,96337,1496.0,553.0
2021-04-17,King,Washington,53033.0,96810,1496.0,473.0
2021-04-18,King,Washington,53033.0,96810,1496.0,0.0
2021-04-19,King,Washington,53033.0,97232,1500.0,422.0
2021-04-20,King,Washington,53033.0,97714,1503.0,482.0
2021-04-21,King,Washington,53033.0,98161,1505.0,447.0
2021-04-22,King,Washington,53033.0,98629,1506.0,468.0
2021-04-23,King,Washington,53033.0,99087,1506.0,458.0
2021-04-24,King,Washington,53033.0,99553,1506.0,466.0
2021-04-25,King,Washington,53033.0,99553,1506.0,0.0
2021-04-26,King,Washington,53033.0,100278,1507.0,725.0
2021-04-27,King,Washington,53033.0,100479,1509.0,201.0
2021-04-28,King,Washington,53033.0,100955,1514.0,476.0
2021-04-29,King,Washington,53033.0,101483,1515.0,528.0
2021-04-30,King,Washington,53033.0,101885,1517.0,402.0
2021-05-01,King,Washington,53033.0,102351,1517.0,466.0
2021-05-02,King,Washington,53033.0,102351,1517.0,0.0
2021-05-03,King,Washington,53033.0,103119,1519.0,768.0
2021-05-04,King,Washington,53033.0,103353,1526.0,234.0
2021-05-05,King,Washington,53033.0,103865,1526.0,512.0
2021-05-06,King,Washington,53033.0,104211,1529.0,346.0
2021-05-07,King,Washington,53033.0,104575,1534.0,364.0
2021-05-08,King,Washington,53033.0,104965,1534.0,390.0
2021-05-09,King,Washington,53033.0,104965,1534.0,0.0
2021-05-10,King,Washington,53033.0,105425,1537.0,460.0
2021-05-11,King,Washington,53033.0,105692,1540.0,267.0
2021-05-12,King,Washington,53033.0,105969,1543.0,277.0
2021-05-13,King,Washington,53033.0,106277,1546.0,308.0
2021-05-14,King,Washington,53033.0,106942,1542.0,665.0
2021-05-15,King,Washington,53033.0,107149,1542.0,207.0
2021-05-16,King,Washington,53033.0,107149,1542.0,0.0
2021-05-17,King,Washington,53033.0,107368,1548.0,219.0
2021-05-18,King,Washington,53033.0,107464,1552.0,96.0
2021-05-19,King,Washington,53033.0,107634,1556.0,170.0
2021-05-20,King,Washington,53033.0,107847,1557.0,213.0
2021-05-21,King,Washington,53033.0,108122,1561.0,275.0
2021-05-22,King,Washington,53033.0,108122,1561.0,0.0
2021-05-23,King,Washington,53033.0,108122,1561.0,0.0
2021-05-24,King,Washington,53033.0,108510,1564.0,388.0
2021-05-25,King,Washington,53033.0,108616,1567.0,106.0
2021-05-26,King,Washington,53033.0,108916,1571.0,300.0
2021-05-27,King,Washington,53033.0,109159,1576.0,243.0
2021-05-28,King,Washington,53033.0,109360,1579.0,201.0
2021-05-29,King,Washington,53033.0,109531,1579.0,171.0
2021-05-30,King,Washington,53033.0,109531,1579.0,0.0
2021-05-31,King,Washington,53033.0,109531,1579.0,0.0
2021-06-01,King,Washington,53033.0,109759,1587.0,228.0
2021-06-02,King,Washington,53033.0,109859,1590.0,100.0
2021-06-03,King,Washington,53033.0,109997,1593.0,138.0
2021-06-04,King,Washington,53033.0,110119,1595.0,122.0
2021-06-05,King,Washington,53033.0,110260,1595.0,141.0
2021-06-06,King,Washington,53033.0,110340,1595.0,80.0
2021-06-07,King,Washington,53033.0,110419,1591.0,79.0
2021-06-08,King,Washington,53033.0,110567,1597.0,148.0
2021-06-09,King,Washington,53033.0,110719,1606.0,152.0
2021-06-10,King,Washington,53033.0,110871,1613.0,152.0
2021-06-11,King,Washington,53033.0,110939,1616.0,68.0
2021-06-12,King,Washington,53033.0,111051,1616.0,112.0
2021-06-13,King,Washington,53033.0,111108,1617.0,57.0
2021-06-14,King,Washington,53033.0,111166,1617.0,58.0
2021-06-15,King,Washington,53033.0,111242,1619.0,76.0
2021-06-16,King,Washington,53033.0,111353,1618.0,111.0
2021-06-17,King,Washington,53033.0,111427,1613.0,74.0
2021-06-18,King,Washington,53033.0,111511,1614.0,84.0
2021-06-19,King,Washington,53033.0,111586,1618.0,75.0
2021-06-20,King,Washington,53033.0,111648,1618.0,62.0
2021-06-21,King,Washington,53033.0,111708,1618.0,60.0
2021-06-22,King,Washington,53033.0,111759,1620.0,51.0
2021-06-23,King,Washington,53033.0,112166,1652.0,407.0
2021-06-24,King,Washington,53033.0,112250,1654.0,84.0
2021-06-25,King,Washington,53033.0,112293,1660.0,43.0
2021-06-26,King,Washington,53033.0,112380,1659.0,87.0
2021-06-27,King,Washington,53033.0,112443,1659.0,63.0
2021-06-28,King,Washington,53033.0,112482,1659.0,39.0
2021-06-29,King,Washington,53033.0,112516,1659.0,34.0
2021-06-30,King,Washington,53033.0,112567,1664.0,51.0
2021-07-01,King,Washington,53033.0,112672,1665.0,105.0
2021-07-02,King,Washington,53033.0,112751,1666.0,79.0
2021-07-03,King,Washington,53033.0,112751,1666.0,0.0
2021-07-04,King,Washington,53033.0,112751,1666.0,0.0
2021-07-05,King,Washington,53033.0,112751,1666.0,0.0
2021-07-06,King,Washington,53033.0,112996,1666.0,245.0
2021-07-07,King,Washington,53033.0,113092,1672.0,96.0
2021-07-08,King,Washington,53033.0,113207,1673.0,115.0
2021-07-09,King,Washington,53033.0,113296,1674.0,89.0
2021-07-10,King,Washington,53033.0,113296,1674.0,0.0
2021-07-11,King,Washington,53033.0,113296,1674.0,0.0
2021-07-12,King,Washington,53033.0,113660,1674.0,364.0
2021-07-13,King,Washington,53033.0,113784,1680.0,124.0
2021-07-14,King,Washington,53033.0,113955,1682.0,171.0
2021-07-15,King,Washington,53033.0,114099,1683.0,144.0
2021-07-16,King,Washington,53033.0,114231,1686.0,132.0
2021-07-17,King,Washington,53033.0,114231,1686.0,0.0
2021-07-18,King,Washington,53033.0,114231,1686.0,0.0
2021-07-19,King,Washington,53033.0,114692,1686.0,461.0
2021-07-20,King,Washington,53033.0,114750,1684.0,58.0
2021-07-21,King,Washington,53033.0,114969,1684.0,219.0
2021-07-22,King,Washington,53033.0,115234,1684.0,265.0
2021-07-23,King,Washington,53033.0,115481,1684.0,247.0
2021-07-24,King,Washington,53033.0,115481,1684.0,0.0
2021-07-25,King,Washington,53033.0,115481,1684.0,0.0
2021-07-26,King,Washington,53033.0,116199,1684.0,718.0
2021-07-27,King,Washington,53033.0,116357,1684.0,158.0
2021-07-28,King,Washington,53033.0,116680,1683.0,323.0
2021-07-29,King,Washington,53033.0,116790,1683.0,110.0
2021-07-30,King,Washington,53033.0,116839,1684.0,49.0
2021-07-31,King,Washington,53033.0,116839,1684.0,0.0
2021-08-01,King,Washington,53033.0,116839,1684.0,0.0
2021-08-02,King,Washington,53033.0,117478,1684.0,639.0
2021-08-03,King,Washington,53033.0,118747,1685.0,1269.0
2021-08-04,King,Washington,53033.0,119361,1686.0,614.0
2021-08-05,King,Washington,53033.0,120000,1692.0,639.0
2021-08-06,King,Washington,53033.0,120556,1690.0,556.0
2021-08-07,King,Washington,53033.0,120556,1690.0,0.0
2021-08-08,King,Washington,53033.0,120556,1690.0,0.0
2021-08-09,King,Washington,53033.0,122130,1690.0,1574.0
2021-08-10,King,Washington,53033.0,122724,1698.0,594.0
2021-08-11,King,Washington,53033.0,123332,1702.0,608.0
2021-08-12,King,Washington,53033.0,124190,1702.0,858.0
2021-08-13,King,Washington,53033.0,124954,1707.0,764.0
2021-08-14,King,Washington,53033.0,124954,1707.0,0.0
2021-08-15,King,Washington,53033.0,124954,1707.0,0.0
2021-08-16,King,Washington,53033.0,126636,1707.0,1682.0
2021-08-17,King,Washington,53033.0,126931,1712.0,295.0
2021-08-18,King,Washington,53033.0,127638,1718.0,707.0
2021-08-19,King,Washington,53033.0,128490,1724.0,852.0
2021-08-20,King,Washington,53033.0,129163,1725.0,673.0
2021-08-21,King,Washington,53033.0,129163,1725.0,0.0
2021-08-22,King,Washington,53033.0,129163,1725.0,0.0
2021-08-23,King,Washington,53033.0,130915,1727.0,1752.0
2021-08-24,King,Washington,53033.0,131365,1734.0,450.0
2021-08-25,King,Washington,53033.0,131889,1738.0,524.0
2021-08-26,King,Washington,53033.0,132707,1750.0,818.0
2021-08-27,King,Washington,53033.0,133649,1755.0,942.0
2021-08-28,King,Washington,53033.0,133649,1755.0,0.0
2021-08-29,King,Washington,53033.0,133649,1755.0,0.0
2021-08-30,King,Washington,53033.0,135106,1759.0,1457.0
2021-08-31,King,Washington,53033.0,135633,1769.0,527.0
2021-09-01,King,Washington,53033.0,136309,1773.0,676.0
2021-09-02,King,Washington,53033.0,137269,1774.0,960.0
2021-09-03,King,Washington,53033.0,137787,1778.0,518.0
2021-09-04,King,Washington,53033.0,137787,1778.0,0.0
2021-09-05,King,Washington,53033.0,137787,1778.0,0.0
2021-09-06,King,Washington,53033.0,137787,1778.0,0.0
2021-09-07,King,Washington,53033.0,139733,1782.0,1946.0
2021-09-08,King,Washington,53033.0,140295,1799.0,562.0
2021-09-09,King,Washington,53033.0,140894,1810.0,599.0
2021-09-10,King,Washington,53033.0,141772,1814.0,878.0
2021-09-11,King,Washington,53033.0,141772,1814.0,0.0
2021-09-12,King,Washington,53033.0,141772,1814.0,0.0
2021-09-13,King,Washington,53033.0,143363,1818.0,1591.0
2021-09-14,King,Washington,53033.0,143726,1824.0,363.0
2021-09-15,King,Washington,53033.0,144425,1829.0,699.0
2021-09-16,King,Washington,53033.0,145048,1831.0,623.0
2021-09-17,King,Washington,53033.0,145664,1837.0,616.0
2021-09-18,King,Washington,53033.0,145664,1837.0,0.0
2021-09-19,King,Washington,53033.0,145664,1837.0,0.0
2021-09-20,King,Washington,53033.0,146838,1842.0,1174.0
2021-09-21,King,Washington,53033.0,147291,1851.0,453.0
2021-09-22,King,Washington,53033.0,147404,1851.0,113.0
2021-09-23,King,Washington,53033.0,148493,1856.0,1089.0
2021-09-24,King,Washington,53033.0,148955,1856.0,462.0
2021-09-25,King,Washington,53033.0,148955,1856.0,0.0
2021-09-26,King,Washington,53033.0,148955,1856.0,0.0
2021-09-27,King,Washington,53033.0,150362,1868.0,1407.0
2021-09-28,King,Washington,53033.0,150688,1876.0,326.0
2021-09-29,King,Washington,53033.0,151128,1885.0,440.0
2021-09-30,King,Washington,53033.0,151648,1889.0,520.0
2021-10-01,King,Washington,53033.0,152284,1897.0,636.0
2021-10-02,King,Washington,53033.0,152284,1897.0,0.0
2021-10-03,King,Washington,53033.0,152284,1897.0,0.0
2021-10-04,King,Washington,53033.0,153568,1901.0,1284.0
2021-10-05,King,Washington,53033.0,153870,1907.0,302.0
2021-10-06,King,Washington,53033.0,154419,1915.0,549.0
2021-10-07,King,Washington,53033.0,154841,1915.0,422.0
2021-10-08,King,Washington,53033.0,155328,1922.0,487.0
2021-10-09,King,Washington,53033.0,155328,1922.0,0.0
2021-10-10,King,Washington,53033.0,155328,1922.0,0.0
2021-10-11,King,Washington,53033.0,156736,1927.0,1408.0
2021-10-12,King,Washington,53033.0,156949,1928.0,213.0
2021-10-13,King,Washington,53033.0,157650,1931.0,701.0
2021-10-14,King,Washington,53033.0,158074,1941.0,424.0
2021-10-15,King,Washington,53033.0,158595,1944.0,521.0
2021-10-16,King,Washington,53033.0,158595,1944.0,0.0
2021-10-17,King,Washington,53033.0,158595,1944.0,0.0
2021-10-18,King,Washington,53033.0,159587,1951.0,992.0
2021-10-19,King,Washington,53033.0,159828,1958.0,241.0
2021-10-20,King,Washington,53033.0,160402,1965.0,574.0
2021-10-21,King,Washington,53033.0,160978,1969.0,576.0
2021-10-22,King,Washington,53033.0,161408,1972.0,430.0
2021-10-23,King,Washington,53033.0,161408,1972.0,0.0
2021-10-24,King,Washington,53033.0,161408,1972.0,0.0
2021-10-25,King,Washington,53033.0,162565,1976.0,1157.0
2021-10-26,King,Washington,53033.0,162711,1990.0,146.0
2021-10-27,King,Washington,53033.0,163093,2000.0,382.0
2021-10-28,King,Washington,53033.0,163797,2004.0,704.0
2021-10-29,King,Washington,53033.0,164221,2009.0,424.0
2021-10-30,King,Washington,53033.0,164221,2009.0,0.0
2021-10-31,King,Washington,53033.0,164221,2009.0,0.0
2021-11-01,King,Washington,53033.0,165186,2014.0,965.0
2021-11-02,King,Washington,53033.0,165512,2024.0,326.0
2021-11-03,King,Washington,53033.0,165899,2030.0,387.0
2021-11-04,King,Washington,53033.0,166421,2035.0,522.0
2021-11-05,King,Washington,53033.0,166674,2036.0,253.0
2021-11-06,King,Washington,53033.0,166674,2036.0,0.0
2021-11-07,King,Washington,53033.0,166674,2036.0,0.0
2021-11-08,King,Washington,53033.0,167661,2045.0,987.0
2021-11-09,King,Washington,53033.0,167817,2047.0,156.0
2021-11-10,King,Washington,53033.0,168323,2049.0,506.0
2021-11-11,King,Washington,53033.0,168323,2049.0,0.0
2021-11-12,King,Washington,53033.0,168884,2052.0,561.0
2021-11-13,King,Washington,53033.0,168884,2052.0,0.0
2021-11-14,King,Washington,53033.0,168884,2052.0,0.0
2021-11-15,King,Washington,53033.0,169719,2056.0,835.0
2021-11-16,King,Washington,53033.0,169923,2059.0,204.0
2021-11-17,King,Washington,53033.0,170363,2066.0,440.0
2021-11-18,King,Washington,53033.0,170722,2067.0,359.0
2021-11-19,King,Washington,53033.0,171009,2068.0,287.0
2021-11-20,King,Washington,53033.0,171009,2068.0,0.0
2021-11-21,King,Washington,53033.0,171009,2068.0,0.0
2021-11-22,King,Washington,53033.0,171717,2072.0,708.0
2021-11-23,King,Washington,53033.0,171837,2078.0,120.0
2021-11-24,King,Washington,53033.0,172009,2081.0,172.0
2021-11-25,King,Washington,53033.0,172009,2081.0,0.0
2021-11-26,King,Washington,53033.0,172009,2081.0,0.0
2021-11-27,King,Washington,53033.0,172009,2081.0,0.0
2021-11-28,King,Washington,53033.0,172009,2081.0,0.0
2021-11-29,King,Washington,53033.0,173060,2086.0,1051.0
2021-11-30,King,Washington,53033.0,173130,2086.0,70.0
2021-12-01,King,Washington,53033.0,173948,2096.0,818.0
2021-12-02,King,Washington,53033.0,174158,2098.0,210.0
2021-12-03,King,Washington,53033.0,174550,2102.0,392.0
2021-12-04,King,Washington,53033.0,174550,2102.0,0.0
2021-12-05,King,Washington,53033.0,174550,2102.0,0.0
2021-12-06,King,Washington,53033.0,175160,2115.0,610.0
2021-12-07,King,Washington,53033.0,175548,2117.0,388.0
2021-12-08,King,Washington,53033.0,175671,2118.0,123.0
2021-12-09,King,Washington,53033.0,176320,2122.0,649.0
2021-12-10,King,Washington,53033.0,176450,2127.0,130.0
2021-12-11,King,Washington,53033.0,176450,2127.0,0.0
2021-12-12,King,Washington,53033.0,176450,2127.0,0.0
2021-12-13,King,Washington,53033.0,177441,2127.0,991.0
2021-12-14,King,Washington,53033.0,177616,2129.0,175.0
2021-12-15,King,Washington,53033.0,178066,2131.0,450.0
2021-12-16,King,Washington,53033.0,178703,2135.0,637.0
2021-12-17,King,Washington,53033.0,179396,2138.0,693.0
2021-12-18,King,Washington,53033.0,179396,2138.0,0.0
2021-12-19,King,Washington,53033.0,179396,2138.0,0.0
2021-12-20,King,Washington,53033.0,181570,2139.0,2174.0
2021-12-21,King,Washington,53033.0,182420,2140.0,850.0
2021-12-22,King,Washington,53033.0,183037,2144.0,617.0
2021-12-23,King,Washington,53033.0,185916,2152.0,2879.0
2021-12-24,King,Washington,53033.0,185916,2152.0,0.0
2021-12-25,King,Washington,53033.0,185916,2152.0,0.0
2021-12-26,King,Washington,53033.0,185916,2152.0,0.0
2021-12-27,King,Washington,53033.0,194215,2155.0,8299.0
2021-12-28,King,Washington,53033.0,196625,2158.0,2410.0
2021-12-29,King,Washington,53033.0,198517,2159.0,1892.0
2021-12-30,King,Washington,53033.0,200875,2164.0,2358.0
2021-12-31,King,Washington,53033.0,200875,2164.0,0.0
2022-01-01,King,Washington,53033.0,200875,2164.0,0.0
2022-01-02,King,Washington,53033.0,200875,2164.0,0.0
2022-01-03,King,Washington,53033.0,212295,2167.0,11420.0
2022-01-04,King,Washington,53033.0,214904,2172.0,2609.0
2022-01-05,King,Washington,53033.0,218918,2178.0,4014.0
2022-01-06,King,Washington,53033.0,224612,2186.0,5694.0
2022-01-07,King,Washington,53033.0,229984,2199.0,5372.0
2022-01-08,King,Washington,53033.0,229984,2199.0,0.0
2022-01-09,King,Washington,53033.0,229984,2199.0,0.0
2022-01-10,King,Washington,53033.0,248777,2198.0,18793.0
2022-01-11,King,Washington,53033.0,254174,2213.0,5397.0
2022-01-12,King,Washington,53033.0,259422,2220.0,5248.0
2022-01-13,King,Washington,53033.0,264209,2222.0,4787.0
2022-01-14,King,Washington,53033.0,269433,2241.0,5224.0
2022-01-15,King,Washington,53033.0,269433,2241.0,0.0
2022-01-16,King,Washington,53033.0,269433,2241.0,0.0
2022-01-17,King,Washington,53033.0,269433,2241.0,0.0
2022-01-18,King,Washington,53033.0,288810,2248.0,19377.0
2022-01-19,King,Washington,53033.0,293253,2270.0,4443.0
2022-01-20,King,Washington,53033.0,298790,2275.0,5537.0
2022-01-21,King,Washington,53033.0,302926,2276.0,4136.0
2022-01-22,King,Washington,53033.0,302926,2276.0,0.0
2022-01-23,King,Washington,53033.0,302926,2276.0,0.0
2022-01-24,King,Washington,53033.0,314592,2287.0,11666.0
2022-01-25,King,Washington,53033.0,319375,2301.0,4783.0
2022-01-26,King,Washington,53033.0,327961,2316.0,8586.0
2022-01-27,King,Washington,53033.0,330897,2313.0,2936.0
2022-01-28,King,Washington,53033.0,335376,2313.0,4479.0
2022-01-29,King,Washington,53033.0,335376,2313.0,0.0
2022-01-30,King,Washington,53033.0,335376,2313.0,0.0
2022-01-31,King,Washington,53033.0,346077,2330.0,10701.0
2022-02-01,King,Washington,53033.0,346077,2330.0,0.0
2022-02-02,King,Washington,53033.0,349214,2361.0,3137.0
2022-02-03,King,Washington,53033.0,350701,2394.0,1487.0
2022-02-04,King,Washington,53033.0,351932,2401.0,1231.0
2022-02-05,King,Washington,53033.0,351932,2401.0,0.0
2022-02-06,King,Washington,53033.0,351932,2401.0,0.0
2022-02-07,King,Washington,53033.0,356001,2419.0,4069.0
2022-02-08,King,Washington,53033.0,356460,2431.0,459.0
2022-02-09,King,Washington,53033.0,357858,2447.0,1398.0
2022-02-10,King,Washington,53033.0,360425,2453.0,2567.0
2022-02-11,King,Washington,53033.0,361215,2467.0,790.0
2022-02-12,King,Washington,53033.0,361215,2467.0,0.0
2022-02-13,King,Washington,53033.0,361215,2467.0,0.0
2022-02-14,King,Washington,53033.0,361948,2484.0,733.0
2022-02-15,King,Washington,53033.0,361829,2484.0,-119.0
2022-02-16,King,Washington,53033.0,362022,2500.0,193.0
2022-02-17,King,Washington,53033.0,362256,2517.0,234.0
2022-02-18,King,Washington,53033.0,362616,2526.0,360.0
2022-02-19,King,Washington,53033.0,362616,2526.0,0.0
2022-02-20,King,Washington,53033.0,362616,2526.0,0.0
2022-02-21,King,Washington,53033.0,362616,2526.0,0.0
2022-02-22,King,Washington,53033.0,364445,2532.0,1829.0
2022-02-23,King,Washington,53033.0,364481,2541.0,36.0
2022-02-24,King,Washington,53033.0,364846,2540.0,365.0
2022-02-25,King,Washington,53033.0,364955,2553.0,109.0
2022-02-26,King,Washington,53033.0,364955,2553.0,0.0
2022-02-27,King,Washington,53033.0,364955,2553.0,0.0
2022-02-28,King,Washington,53033.0,365873,2569.0,918.0
2022-03-01,King,Washington,53033.0,365873,2569.0,0.0
2022-03-02,King,Washington,53033.0,366645,2577.0,772.0
2022-03-03,King,Washington,53033.0,366645,2577.0,0.0
2022-03-04,King,Washington,53033.0,367328,2593.0,683.0
2022-03-05,King,Washington,53033.0,367328,2593.0,0.0
2022-03-06,King,Washington,53033.0,367328,2593.0,0.0
2022-03-07,King,Washington,53033.0,367807,2593.0,479.0
2022-03-08,King,Washington,53033.0,367807,2593.0,0.0
2022-03-09,King,Washington,53033.0,368391,2620.0,584.0
2022-03-10,King,Washington,53033.0,368391,2620.0,0.0
